<?xml version="1.0" encoding="UTF-8"?>
<project-private xmlns="http://www.netbeans.org/ns/project-private/1">
    <editor-bookmarks xmlns="http://www.netbeans.org/ns/editor-bookmarks/2" lastBookmarkId="0"/>
    <open-files xmlns="http://www.netbeans.org/ns/projectui-open-files/2">
        <group>
            <file>file:/Users/barryzhu/Desktop/Zhu_Jiayu_002875077_Labs2026/lab2__/src/UI/CreateJPanel.java</file>
            <file>file:/Users/barryzhu/Desktop/Zhu_Jiayu_002875077_Labs2026/lab2__/src/UI/ViewJPanel.java</file>
            <file>file:/Users/barryzhu/Desktop/Zhu_Jiayu_002875077_Labs2026/lab2__/src/Model/VitalSignHistory.java</file>
            <file>file:/Users/barryzhu/Desktop/Zhu_Jiayu_002875077_Labs2026/lab2__/src/Model/VitalSign.java</file>
            <file>file:/Users/barryzhu/Desktop/Zhu_Jiayu_002875077_Labs2026/lab2__/src/UI/MainJFrame.java</file>
        </group>
    </open-files>
</project-private>
